"filename", "language", "JavaScript", "JSON", "Markdown", "HTML", "TypeScript", "JSON with Comments", "TypeScript JSX", "SVG", "YAML", "comment", "blank", "total"
"e:\dungeon-of-aurora-front\.eslintrc.cjs", "JavaScript", 43, 0, 0, 0, 0, 0, 0, 0, 0, 0, 3, 46
"e:\dungeon-of-aurora-front\.lintstagedrc.json", "JSON", 0, 3, 0, 0, 0, 0, 0, 0, 0, 0, 1, 4
"e:\dungeon-of-aurora-front\CHANGELOG.md", "Markdown", 0, 0, 279, 0, 0, 0, 0, 0, 0, 0, 149, 428
"e:\dungeon-of-aurora-front\README.md", "Markdown", 0, 0, 39, 0, 0, 0, 0, 0, 0, 0, 24, 63
"e:\dungeon-of-aurora-front\index.html", "HTML", 0, 0, 0, 54, 0, 0, 0, 0, 0, 0, 4, 58
"e:\dungeon-of-aurora-front\package.json", "JSON", 0, 71, 0, 0, 0, 0, 0, 0, 0, 0, 1, 72
"e:\dungeon-of-aurora-front\pnpm-lock.yaml", "YAML", 0, 0, 0, 0, 0, 0, 0, 0, 6366, 0, 948, 7314
"e:\dungeon-of-aurora-front\public\vite.svg", "SVG", 0, 0, 0, 0, 0, 0, 0, 1, 0, 0, 0, 1
"e:\dungeon-of-aurora-front\src\assets\images\index.ts", "TypeScript", 0, 0, 0, 0, 5, 0, 0, 0, 0, 0, 3, 8
"e:\dungeon-of-aurora-front\src\assets\index.ts", "TypeScript", 0, 0, 0, 0, 6, 0, 0, 0, 0, 0, 4, 10
"e:\dungeon-of-aurora-front\src\assets\svgs\abjuration_icon.svg", "SVG", 0, 0, 0, 0, 0, 0, 0, 5, 0, 0, 1, 6
"e:\dungeon-of-aurora-front\src\assets\svgs\accessories_icon.svg", "SVG", 0, 0, 0, 0, 0, 0, 0, 4, 0, 0, 1, 5
"e:\dungeon-of-aurora-front\src\assets\svgs\adventure_icon.svg", "SVG", 0, 0, 0, 0, 0, 0, 0, 4, 0, 0, 1, 5
"e:\dungeon-of-aurora-front\src\assets\svgs\armor_icon.svg", "SVG", 0, 0, 0, 0, 0, 0, 0, 11, 0, 0, 1, 12
"e:\dungeon-of-aurora-front\src\assets\svgs\conjuration_icon.svg", "SVG", 0, 0, 0, 0, 0, 0, 0, 4, 0, 0, 1, 5
"e:\dungeon-of-aurora-front\src\assets\svgs\d.svg", "SVG", 0, 0, 0, 0, 0, 0, 0, 9, 0, 0, 1, 10
"e:\dungeon-of-aurora-front\src\assets\svgs\d10_dice_dark_icon.svg", "SVG", 0, 0, 0, 0, 0, 0, 0, 3, 0, 0, 1, 4
"e:\dungeon-of-aurora-front\src\assets\svgs\d10_dice_icon.svg", "SVG", 0, 0, 0, 0, 0, 0, 0, 3, 0, 0, 1, 4
"e:\dungeon-of-aurora-front\src\assets\svgs\d12_dice_dark_icon.svg", "SVG", 0, 0, 0, 0, 0, 0, 0, 3, 0, 0, 1, 4
"e:\dungeon-of-aurora-front\src\assets\svgs\d12_dice_icon.svg", "SVG", 0, 0, 0, 0, 0, 0, 0, 3, 0, 0, 1, 4
"e:\dungeon-of-aurora-front\src\assets\svgs\d20.svg", "SVG", 0, 0, 0, 0, 0, 0, 0, 1, 0, 0, 0, 1
"e:\dungeon-of-aurora-front\src\assets\svgs\d20_white.svg", "SVG", 0, 0, 0, 0, 0, 0, 0, 1, 0, 0, 0, 1
"e:\dungeon-of-aurora-front\src\assets\svgs\d20_white_old.svg", "SVG", 0, 0, 0, 0, 0, 0, 0, 12, 0, 0, 1, 13
"e:\dungeon-of-aurora-front\src\assets\svgs\d6_dice_dark_icon.svg", "SVG", 0, 0, 0, 0, 0, 0, 0, 3, 0, 0, 1, 4
"e:\dungeon-of-aurora-front\src\assets\svgs\d6_dice_icon.svg", "SVG", 0, 0, 0, 0, 0, 0, 0, 3, 0, 0, 1, 4
"e:\dungeon-of-aurora-front\src\assets\svgs\d8_dice_dark_icon.svg", "SVG", 0, 0, 0, 0, 0, 0, 0, 3, 0, 0, 1, 4
"e:\dungeon-of-aurora-front\src\assets\svgs\d8_dice_icon.svg", "SVG", 0, 0, 0, 0, 0, 0, 0, 3, 0, 0, 1, 4
"e:\dungeon-of-aurora-front\src\assets\svgs\damage_icon.svg", "SVG", 0, 0, 0, 0, 0, 0, 0, 3, 0, 0, 1, 4
"e:\dungeon-of-aurora-front\src\assets\svgs\divination_icon.svg", "SVG", 0, 0, 0, 0, 0, 0, 0, 8, 0, 0, 1, 9
"e:\dungeon-of-aurora-front\src\assets\svgs\encantation_icon.svg", "SVG", 0, 0, 0, 0, 0, 0, 0, 11, 0, 0, 1, 12
"e:\dungeon-of-aurora-front\src\assets\svgs\evocation_icon.svg", "SVG", 0, 0, 0, 0, 0, 0, 0, 4, 0, 0, 1, 5
"e:\dungeon-of-aurora-front\src\assets\svgs\google_logo.svg", "SVG", 0, 0, 0, 0, 0, 0, 0, 1, 0, 0, 0, 1
"e:\dungeon-of-aurora-front\src\assets\svgs\healing_icon.svg", "SVG", 0, 0, 0, 0, 0, 0, 0, 3, 0, 0, 1, 4
"e:\dungeon-of-aurora-front\src\assets\svgs\hexagon_border.svg", "SVG", 0, 0, 0, 0, 0, 0, 0, 3, 0, 0, 1, 4
"e:\dungeon-of-aurora-front\src\assets\svgs\hexagon_primary.svg", "SVG", 0, 0, 0, 0, 0, 0, 0, 18, 0, 0, 1, 19
"e:\dungeon-of-aurora-front\src\assets\svgs\ilusion_icon.svg", "SVG", 0, 0, 0, 0, 0, 0, 0, 4, 0, 0, 1, 5
"e:\dungeon-of-aurora-front\src\assets\svgs\index.ts", "TypeScript", 0, 0, 0, 0, 72, 0, 0, 0, 0, 0, 3, 75
"e:\dungeon-of-aurora-front\src\assets\svgs\inspiration_icon.svg", "SVG", 0, 0, 0, 0, 0, 0, 0, 3, 0, 0, 1, 4
"e:\dungeon-of-aurora-front\src\assets\svgs\mount_icon.svg", "SVG", 0, 0, 0, 0, 0, 0, 0, 4, 0, 0, 1, 5
"e:\dungeon-of-aurora-front\src\assets\svgs\necromancy_icon.svg", "SVG", 0, 0, 0, 0, 0, 0, 0, 9, 0, 0, 1, 10
"e:\dungeon-of-aurora-front\src\assets\svgs\potion_icon.svg", "SVG", 0, 0, 0, 0, 0, 0, 0, 4, 0, 0, 1, 5
"e:\dungeon-of-aurora-front\src\assets\svgs\ranged_weapon_icon.svg", "SVG", 0, 0, 0, 0, 0, 0, 0, 4, 0, 0, 1, 5
"e:\dungeon-of-aurora-front\src\assets\svgs\sleep_icon.svg", "SVG", 0, 0, 0, 0, 0, 0, 0, 3, 0, 0, 1, 4
"e:\dungeon-of-aurora-front\src\assets\svgs\tool_icon.svg", "SVG", 0, 0, 0, 0, 0, 0, 0, 4, 0, 0, 1, 5
"e:\dungeon-of-aurora-front\src\assets\svgs\transmutation_icon.svg", "SVG", 0, 0, 0, 0, 0, 0, 0, 6, 0, 0, 1, 7
"e:\dungeon-of-aurora-front\src\assets\svgs\trash_icon.svg", "SVG", 0, 0, 0, 0, 0, 0, 0, 3, 0, 0, 1, 4
"e:\dungeon-of-aurora-front\src\assets\svgs\valuable_icon.svg", "SVG", 0, 0, 0, 0, 0, 0, 0, 4, 0, 0, 1, 5
"e:\dungeon-of-aurora-front\src\assets\svgs\weapon_icon.svg", "SVG", 0, 0, 0, 0, 0, 0, 0, 11, 0, 0, 1, 12
"e:\dungeon-of-aurora-front\src\components\atoms\Anotation\index.tsx", "TypeScript JSX", 0, 0, 0, 0, 0, 0, 59, 0, 0, 1, 6, 66
"e:\dungeon-of-aurora-front\src\components\atoms\Anotation\styles.ts", "TypeScript", 0, 0, 0, 0, 55, 0, 0, 0, 0, 0, 12, 67
"e:\dungeon-of-aurora-front\src\components\atoms\Attribute\index.tsx", "TypeScript JSX", 0, 0, 0, 0, 0, 0, 42, 0, 0, 0, 9, 51
"e:\dungeon-of-aurora-front\src\components\atoms\Attribute\styles.ts", "TypeScript", 0, 0, 0, 0, 43, 0, 0, 0, 0, 0, 8, 51
"e:\dungeon-of-aurora-front\src\components\atoms\Button\index.tsx", "TypeScript JSX", 0, 0, 0, 0, 0, 0, 24, 0, 0, 0, 4, 28
"e:\dungeon-of-aurora-front\src\components\atoms\Button\styles.ts", "TypeScript", 0, 0, 0, 0, 39, 0, 0, 0, 0, 0, 6, 45
"e:\dungeon-of-aurora-front\src\components\atoms\CharacterItem\index.tsx", "TypeScript JSX", 0, 0, 0, 0, 0, 0, 46, 0, 0, 0, 5, 51
"e:\dungeon-of-aurora-front\src\components\atoms\CharacterItem\styles.ts", "TypeScript", 0, 0, 0, 0, 59, 0, 0, 0, 0, 0, 10, 69
"e:\dungeon-of-aurora-front\src\components\atoms\Checkbox\index.tsx", "TypeScript JSX", 0, 0, 0, 0, 0, 0, 25, 0, 0, 0, 5, 30
"e:\dungeon-of-aurora-front\src\components\atoms\Checkbox\styles.ts", "TypeScript", 0, 0, 0, 0, 58, 0, 0, 0, 0, 0, 13, 71
"e:\dungeon-of-aurora-front\src\components\atoms\Coins\index.tsx", "TypeScript JSX", 0, 0, 0, 0, 0, 0, 28, 0, 0, 0, 6, 34
"e:\dungeon-of-aurora-front\src\components\atoms\Coins\styles.ts", "TypeScript", 0, 0, 0, 0, 17, 0, 0, 0, 0, 0, 3, 20
"e:\dungeon-of-aurora-front\src\components\atoms\DeleteSwipe\index.tsx", "TypeScript JSX", 0, 0, 0, 0, 0, 0, 4, 0, 0, 0, 2, 6
"e:\dungeon-of-aurora-front\src\components\atoms\DeleteSwipe\styles.ts", "TypeScript", 0, 0, 0, 0, 39, 0, 0, 0, 0, 0, 6, 45
"e:\dungeon-of-aurora-front\src\components\atoms\Dropdown\index.tsx", "TypeScript JSX", 0, 0, 0, 0, 0, 0, 14, 0, 0, 0, 3, 17
"e:\dungeon-of-aurora-front\src\components\atoms\Dropdown\styles.ts", "TypeScript", 0, 0, 0, 0, 28, 0, 0, 0, 0, 0, 4, 32
"e:\dungeon-of-aurora-front\src\components\atoms\Equipment\index.tsx", "TypeScript JSX", 0, 0, 0, 0, 0, 0, 221, 0, 0, 0, 25, 246
"e:\dungeon-of-aurora-front\src\components\atoms\Equipment\styles.ts", "TypeScript", 0, 0, 0, 0, 80, 0, 0, 0, 0, 0, 16, 96
"e:\dungeon-of-aurora-front\src\components\atoms\Feature\index.tsx", "TypeScript JSX", 0, 0, 0, 0, 0, 0, 54, 0, 0, 0, 12, 66
"e:\dungeon-of-aurora-front\src\components\atoms\Feature\styles.ts", "TypeScript", 0, 0, 0, 0, 45, 0, 0, 0, 0, 0, 8, 53
"e:\dungeon-of-aurora-front\src\components\atoms\Filter\index.tsx", "TypeScript JSX", 0, 0, 0, 0, 0, 0, 68, 0, 0, 0, 8, 76
"e:\dungeon-of-aurora-front\src\components\atoms\Filter\styles.ts", "TypeScript", 0, 0, 0, 0, 42, 0, 0, 0, 0, 0, 8, 50
"e:\dungeon-of-aurora-front\src\components\atoms\Input\index.tsx", "TypeScript JSX", 0, 0, 0, 0, 0, 0, 29, 0, 0, 0, 4, 33
"e:\dungeon-of-aurora-front\src\components\atoms\Input\styles.ts", "TypeScript", 0, 0, 0, 0, 32, 0, 0, 0, 0, 0, 6, 38
"e:\dungeon-of-aurora-front\src\components\atoms\Modal\index.tsx", "TypeScript JSX", 0, 0, 0, 0, 0, 0, 33, 0, 0, 0, 8, 41
"e:\dungeon-of-aurora-front\src\components\atoms\Modal\styles.ts", "TypeScript", 0, 0, 0, 0, 34, 0, 0, 0, 0, 0, 5, 39
"e:\dungeon-of-aurora-front\src\components\atoms\Selector\index.tsx", "TypeScript JSX", 0, 0, 0, 0, 0, 0, 9, 0, 0, 0, 3, 12
"e:\dungeon-of-aurora-front\src\components\atoms\Selector\styles.ts", "TypeScript", 0, 0, 0, 0, 43, 0, 0, 0, 0, 0, 8, 51
"e:\dungeon-of-aurora-front\src\components\atoms\Skill\index.tsx", "TypeScript JSX", 0, 0, 0, 0, 0, 0, 71, 0, 0, 0, 11, 82
"e:\dungeon-of-aurora-front\src\components\atoms\Skill\styles.ts", "TypeScript", 0, 0, 0, 0, 31, 0, 0, 0, 0, 0, 7, 38
"e:\dungeon-of-aurora-front\src\components\atoms\SlotLevel\index.tsx", "TypeScript JSX", 0, 0, 0, 0, 0, 0, 25, 0, 0, 0, 5, 30
"e:\dungeon-of-aurora-front\src\components\atoms\SlotLevel\styles.ts", "TypeScript", 0, 0, 0, 0, 21, 0, 0, 0, 0, 0, 6, 27
"e:\dungeon-of-aurora-front\src\components\atoms\Spell\index.tsx", "TypeScript JSX", 0, 0, 0, 0, 0, 0, 93, 0, 0, 0, 9, 102
"e:\dungeon-of-aurora-front\src\components\atoms\Spell\styles.ts", "TypeScript", 0, 0, 0, 0, 65, 0, 0, 0, 0, 0, 14, 79
"e:\dungeon-of-aurora-front\src\components\atoms\Tiltbox\index.tsx", "TypeScript JSX", 0, 0, 0, 0, 0, 0, 166, 0, 0, 2, 18, 186
"e:\dungeon-of-aurora-front\src\components\atoms\index.ts", "TypeScript", 0, 0, 0, 0, 18, 0, 0, 0, 0, 0, 2, 20
"e:\dungeon-of-aurora-front\src\components\index.ts", "TypeScript", 0, 0, 0, 0, 5, 0, 0, 0, 0, 0, 2, 7
"e:\dungeon-of-aurora-front\src\components\molecules\AnotationModal\index.tsx", "TypeScript JSX", 0, 0, 0, 0, 0, 0, 102, 0, 0, 0, 12, 114
"e:\dungeon-of-aurora-front\src\components\molecules\AnotationModal\styles.ts", "TypeScript", 0, 0, 0, 0, 119, 0, 0, 0, 0, 0, 21, 140
"e:\dungeon-of-aurora-front\src\components\molecules\Attributes\index.tsx", "TypeScript JSX", 0, 0, 0, 0, 0, 0, 73, 0, 0, 0, 7, 80
"e:\dungeon-of-aurora-front\src\components\molecules\Attributes\styles.ts", "TypeScript", 0, 0, 0, 0, 14, 0, 0, 0, 0, 0, 3, 17
"e:\dungeon-of-aurora-front\src\components\molecules\Capability\index.tsx", "TypeScript JSX", 0, 0, 0, 0, 0, 0, 62, 0, 0, 0, 9, 71
"e:\dungeon-of-aurora-front\src\components\molecules\Capability\styles.ts", "TypeScript", 0, 0, 0, 0, 36, 0, 0, 0, 0, 0, 8, 44
"e:\dungeon-of-aurora-front\src\components\molecules\CharacterInfo\index.tsx", "TypeScript JSX", 0, 0, 0, 0, 0, 0, 222, 0, 0, 0, 19, 241
"e:\dungeon-of-aurora-front\src\components\molecules\CharacterInfo\styles.ts", "TypeScript", 0, 0, 0, 0, 140, 0, 0, 0, 0, 0, 21, 161
"e:\dungeon-of-aurora-front\src\components\molecules\ClassCharacteristics\index.tsx", "TypeScript JSX", 0, 0, 0, 0, 0, 0, 51, 0, 0, 0, 5, 56
"e:\dungeon-of-aurora-front\src\components\molecules\ClassCharacteristics\styles.ts", "TypeScript", 0, 0, 0, 0, 86, 0, 0, 0, 0, 0, 14, 100
"e:\dungeon-of-aurora-front\src\components\molecules\ClassSelector\index.tsx", "TypeScript JSX", 0, 0, 0, 0, 0, 0, 43, 0, 0, 0, 6, 49
"e:\dungeon-of-aurora-front\src\components\molecules\ClassSelector\styles.ts", "TypeScript", 0, 0, 0, 0, 19, 0, 0, 0, 0, 0, 4, 23
"e:\dungeon-of-aurora-front\src\components\molecules\DamageAndHealingModal\index.tsx", "TypeScript JSX", 0, 0, 0, 0, 0, 0, 99, 0, 0, 0, 16, 115
"e:\dungeon-of-aurora-front\src\components\molecules\DamageAndHealingModal\styles.ts", "TypeScript", 0, 0, 0, 0, 47, 0, 0, 0, 0, 0, 10, 57
"e:\dungeon-of-aurora-front\src\components\molecules\EditingModal\index.tsx", "TypeScript JSX", 0, 0, 0, 0, 0, 0, 30, 0, 0, 0, 4, 34
"e:\dungeon-of-aurora-front\src\components\molecules\EditingModal\styles.ts", "TypeScript", 0, 0, 0, 0, 27, 0, 0, 0, 0, 0, 7, 34
"e:\dungeon-of-aurora-front\src\components\molecules\EquipmentAditionModal\index.tsx", "TypeScript JSX", 0, 0, 0, 0, 0, 0, 141, 0, 0, 0, 14, 155
"e:\dungeon-of-aurora-front\src\components\molecules\EquipmentAditionModal\styles.ts", "TypeScript", 0, 0, 0, 0, 72, 0, 0, 0, 0, 0, 14, 86
"e:\dungeon-of-aurora-front\src\components\molecules\EquipmentDescritionModal\index.tsx", "TypeScript JSX", 0, 0, 0, 0, 0, 0, 157, 0, 0, 0, 29, 186
"e:\dungeon-of-aurora-front\src\components\molecules\EquipmentDescritionModal\styles.ts", "TypeScript", 0, 0, 0, 0, 55, 0, 0, 0, 0, 0, 13, 68
"e:\dungeon-of-aurora-front\src\components\molecules\EquipmentList\index.tsx", "TypeScript JSX", 0, 0, 0, 0, 0, 0, 70, 0, 0, 0, 9, 79
"e:\dungeon-of-aurora-front\src\components\molecules\EquipmentList\styles.ts", "TypeScript", 0, 0, 0, 0, 46, 0, 0, 0, 0, 0, 9, 55
"e:\dungeon-of-aurora-front\src\components\molecules\FilterDropdown\index.tsx", "TypeScript JSX", 0, 0, 0, 0, 0, 0, 31, 0, 0, 0, 5, 36
"e:\dungeon-of-aurora-front\src\components\molecules\FilterDropdown\styles.ts", "TypeScript", 0, 0, 0, 0, 34, 0, 0, 0, 0, 0, 6, 40
"e:\dungeon-of-aurora-front\src\components\molecules\GoogleButton\index.tsx", "TypeScript JSX", 0, 0, 0, 0, 0, 0, 79, 0, 0, 7, 10, 96
"e:\dungeon-of-aurora-front\src\components\molecules\HitPoints\index.tsx", "TypeScript JSX", 0, 0, 0, 0, 0, 0, 248, 0, 0, 0, 34, 282
"e:\dungeon-of-aurora-front\src\components\molecules\HitPoints\styles.ts", "TypeScript", 0, 0, 0, 0, 109, 0, 0, 0, 0, 0, 21, 130
"e:\dungeon-of-aurora-front\src\components\molecules\LevelSelector\index.tsx", "TypeScript JSX", 0, 0, 0, 0, 0, 0, 28, 0, 0, 0, 3, 31
"e:\dungeon-of-aurora-front\src\components\molecules\LevelSelector\styles.ts", "TypeScript", 0, 0, 0, 0, 19, 0, 0, 0, 0, 0, 4, 23
"e:\dungeon-of-aurora-front\src\components\molecules\LoadingScreen\index.tsx", "TypeScript JSX", 0, 0, 0, 0, 0, 0, 13, 0, 0, 0, 5, 18
"e:\dungeon-of-aurora-front\src\components\molecules\LoadingScreen\styles.ts", "TypeScript", 0, 0, 0, 0, 38, 0, 0, 0, 0, 0, 4, 42
"e:\dungeon-of-aurora-front\src\components\molecules\MenuDropdown\index.tsx", "TypeScript JSX", 0, 0, 0, 0, 0, 0, 55, 0, 0, 0, 5, 60
"e:\dungeon-of-aurora-front\src\components\molecules\MenuDropdown\styles.ts", "TypeScript", 0, 0, 0, 0, 25, 0, 0, 0, 0, 0, 5, 30
"e:\dungeon-of-aurora-front\src\components\molecules\Menu\index.tsx", "TypeScript JSX", 0, 0, 0, 0, 0, 0, 42, 0, 0, 0, 10, 52
"e:\dungeon-of-aurora-front\src\components\molecules\Menu\styles.ts", "TypeScript", 0, 0, 0, 0, 28, 0, 0, 0, 0, 0, 6, 34
"e:\dungeon-of-aurora-front\src\components\molecules\PictureModal\index.tsx", "TypeScript JSX", 0, 0, 0, 0, 0, 0, 43, 0, 0, 0, 6, 49
"e:\dungeon-of-aurora-front\src\components\molecules\PictureModal\styles.ts", "TypeScript", 0, 0, 0, 0, 62, 0, 0, 0, 0, 0, 13, 75
"e:\dungeon-of-aurora-front\src\components\molecules\Proficiency\index.tsx", "TypeScript JSX", 0, 0, 0, 0, 0, 0, 29, 0, 0, 0, 4, 33
"e:\dungeon-of-aurora-front\src\components\molecules\Proficiency\styles.ts", "TypeScript", 0, 0, 0, 0, 6, 0, 0, 0, 0, 0, 2, 8
"e:\dungeon-of-aurora-front\src\components\molecules\RaceSelector\index.tsx", "TypeScript JSX", 0, 0, 0, 0, 0, 0, 46, 0, 0, 0, 5, 51
"e:\dungeon-of-aurora-front\src\components\molecules\RaceSelector\styles.ts", "TypeScript", 0, 0, 0, 0, 19, 0, 0, 0, 0, 0, 4, 23
"e:\dungeon-of-aurora-front\src\components\molecules\SpellDescritionModal\index.tsx", "TypeScript JSX", 0, 0, 0, 0, 0, 0, 87, 0, 0, 0, 15, 102
"e:\dungeon-of-aurora-front\src\components\molecules\SpellDescritionModal\styles.ts", "TypeScript", 0, 0, 0, 0, 55, 0, 0, 0, 0, 0, 13, 68
"e:\dungeon-of-aurora-front\src\components\molecules\SpellList\index.tsx", "TypeScript JSX", 0, 0, 0, 0, 0, 0, 68, 0, 0, 0, 9, 77
"e:\dungeon-of-aurora-front\src\components\molecules\SpellList\styles.ts", "TypeScript", 0, 0, 0, 0, 46, 0, 0, 0, 0, 0, 9, 55
"e:\dungeon-of-aurora-front\src\components\molecules\SpellSlots\index.tsx", "TypeScript JSX", 0, 0, 0, 0, 0, 0, 77, 0, 0, 0, 14, 91
"e:\dungeon-of-aurora-front\src\components\molecules\SpellSlots\styles.ts", "TypeScript", 0, 0, 0, 0, 17, 0, 0, 0, 0, 0, 4, 21
"e:\dungeon-of-aurora-front\src\components\molecules\SpellsFilters\index.tsx", "TypeScript JSX", 0, 0, 0, 0, 0, 0, 48, 0, 0, 0, 6, 54
"e:\dungeon-of-aurora-front\src\components\molecules\SpellsFilters\styles.ts", "TypeScript", 0, 0, 0, 0, 5, 0, 0, 0, 0, 0, 2, 7
"e:\dungeon-of-aurora-front\src\components\molecules\SubClassCharacteristics\index.tsx", "TypeScript JSX", 0, 0, 0, 0, 0, 0, 51, 0, 0, 0, 7, 58
"e:\dungeon-of-aurora-front\src\components\molecules\SubClassCharacteristics\styles.ts", "TypeScript", 0, 0, 0, 0, 70, 0, 0, 0, 0, 0, 12, 82
"e:\dungeon-of-aurora-front\src\components\molecules\SubClassDropdown\index.tsx", "TypeScript JSX", 0, 0, 0, 0, 0, 0, 67, 0, 0, 0, 7, 74
"e:\dungeon-of-aurora-front\src\components\molecules\SubClassDropdown\styles.ts", "TypeScript", 0, 0, 0, 0, 51, 0, 0, 0, 0, 0, 9, 60
"e:\dungeon-of-aurora-front\src\components\molecules\index.ts", "TypeScript", 0, 0, 0, 0, 26, 0, 0, 0, 0, 0, 2, 28
"e:\dungeon-of-aurora-front\src\components\organisms\Capabilities\index.tsx", "TypeScript JSX", 0, 0, 0, 0, 0, 0, 56, 0, 0, 0, 10, 66
"e:\dungeon-of-aurora-front\src\components\organisms\Capabilities\styles.ts", "TypeScript", 0, 0, 0, 0, 9, 0, 0, 0, 0, 0, 2, 11
"e:\dungeon-of-aurora-front\src\components\organisms\LoginModal\index.tsx", "TypeScript JSX", 0, 0, 0, 0, 0, 0, 124, 0, 0, 0, 10, 134
"e:\dungeon-of-aurora-front\src\components\organisms\LoginModal\styles.ts", "TypeScript", 0, 0, 0, 0, 70, 0, 0, 0, 0, 0, 15, 85
"e:\dungeon-of-aurora-front\src\components\organisms\RegisterModal\index.tsx", "TypeScript JSX", 0, 0, 0, 0, 0, 0, 131, 0, 0, 0, 11, 142
"e:\dungeon-of-aurora-front\src\components\organisms\RegisterModal\styles.ts", "TypeScript", 0, 0, 0, 0, 54, 0, 0, 0, 0, 0, 13, 67
"e:\dungeon-of-aurora-front\src\components\organisms\SpellAditionModal\index.tsx", "TypeScript JSX", 0, 0, 0, 0, 0, 0, 147, 0, 0, 0, 15, 162
"e:\dungeon-of-aurora-front\src\components\organisms\SpellAditionModal\styles.ts", "TypeScript", 0, 0, 0, 0, 79, 0, 0, 0, 0, 0, 15, 94
"e:\dungeon-of-aurora-front\src\components\organisms\index.ts", "TypeScript", 0, 0, 0, 0, 4, 0, 0, 0, 0, 0, 1, 5
"e:\dungeon-of-aurora-front\src\components\pages\CharacterPage\index.tsx", "TypeScript JSX", 0, 0, 0, 0, 0, 0, 96, 0, 0, 0, 7, 103
"e:\dungeon-of-aurora-front\src\components\pages\CharacterPage\styles.ts", "TypeScript", 0, 0, 0, 0, 9, 0, 0, 0, 0, 0, 1, 10
"e:\dungeon-of-aurora-front\src\components\pages\Entry\index.tsx", "TypeScript JSX", 0, 0, 0, 0, 0, 0, 21, 0, 0, 1, 4, 26
"e:\dungeon-of-aurora-front\src\components\pages\Entry\styles.ts", "TypeScript", 0, 0, 0, 0, 23, 0, 0, 0, 0, 0, 5, 28
"e:\dungeon-of-aurora-front\src\components\pages\NotFound\index.tsx", "TypeScript JSX", 0, 0, 0, 0, 0, 0, 3, 0, 0, 0, 1, 4
"e:\dungeon-of-aurora-front\src\components\pages\index.ts", "TypeScript", 0, 0, 0, 0, 3, 0, 0, 0, 0, 0, 1, 4
"e:\dungeon-of-aurora-front\src\components\templates\Abilities\index.tsx", "TypeScript JSX", 0, 0, 0, 0, 0, 0, 36, 0, 0, 0, 8, 44
"e:\dungeon-of-aurora-front\src\components\templates\AnotationList\index.tsx", "TypeScript JSX", 0, 0, 0, 0, 0, 0, 91, 0, 0, 0, 15, 106
"e:\dungeon-of-aurora-front\src\components\templates\AnotationList\styles.ts", "TypeScript", 0, 0, 0, 0, 43, 0, 0, 0, 0, 0, 6, 49
"e:\dungeon-of-aurora-front\src\components\templates\Characteristics\index.tsx", "TypeScript JSX", 0, 0, 0, 0, 0, 0, 54, 0, 0, 0, 7, 61
"e:\dungeon-of-aurora-front\src\components\templates\Equipments\index.tsx", "TypeScript JSX", 0, 0, 0, 0, 0, 0, 119, 0, 0, 0, 15, 134
"e:\dungeon-of-aurora-front\src\components\templates\Equipments\styles.ts", "TypeScript", 0, 0, 0, 0, 26, 0, 0, 0, 0, 0, 3, 29
"e:\dungeon-of-aurora-front\src\components\templates\SpellsAndTricks\index.tsx", "TypeScript JSX", 0, 0, 0, 0, 0, 0, 92, 0, 0, 0, 12, 104
"e:\dungeon-of-aurora-front\src\components\templates\SpellsAndTricks\styles.ts", "TypeScript", 0, 0, 0, 0, 26, 0, 0, 0, 0, 0, 4, 30
"e:\dungeon-of-aurora-front\src\components\templates\Welcome\index.tsx", "TypeScript JSX", 0, 0, 0, 0, 0, 0, 15, 0, 0, 0, 3, 18
"e:\dungeon-of-aurora-front\src\components\templates\Welcome\styles.ts", "TypeScript", 0, 0, 0, 0, 0, 0, 0, 0, 0, 0, 1, 1
"e:\dungeon-of-aurora-front\src\components\templates\index.ts", "TypeScript", 0, 0, 0, 0, 6, 0, 0, 0, 0, 0, 2, 8
"e:\dungeon-of-aurora-front\src\config\backend.ts", "TypeScript", 0, 0, 0, 0, 7, 0, 0, 0, 0, 1, 2, 10
"e:\dungeon-of-aurora-front\src\config\enviroment.ts", "TypeScript", 0, 0, 0, 0, 8, 0, 0, 0, 0, 0, 2, 10
"e:\dungeon-of-aurora-front\src\config\index.ts", "TypeScript", 0, 0, 0, 0, 2, 0, 0, 0, 0, 0, 1, 3
"e:\dungeon-of-aurora-front\src\connection\anotationService.ts", "TypeScript", 0, 0, 0, 0, 39, 0, 0, 0, 0, 0, 8, 47
"e:\dungeon-of-aurora-front\src\connection\authService.ts", "TypeScript", 0, 0, 0, 0, 10, 0, 0, 0, 0, 0, 3, 13
"e:\dungeon-of-aurora-front\src\connection\characterService.ts", "TypeScript", 0, 0, 0, 0, 32, 0, 0, 0, 0, 0, 6, 38
"e:\dungeon-of-aurora-front\src\connection\classService.ts", "TypeScript", 0, 0, 0, 0, 19, 0, 0, 0, 0, 0, 5, 24
"e:\dungeon-of-aurora-front\src\connection\equipmentService.ts", "TypeScript", 0, 0, 0, 0, 17, 0, 0, 0, 0, 0, 4, 21
"e:\dungeon-of-aurora-front\src\connection\featureService.ts", "TypeScript", 0, 0, 0, 0, 46, 0, 0, 0, 0, 0, 9, 55
"e:\dungeon-of-aurora-front\src\connection\index.ts", "TypeScript", 0, 0, 0, 0, 6, 0, 0, 0, 0, 0, 2, 8
"e:\dungeon-of-aurora-front\src\connection\spellsService.ts", "TypeScript", 0, 0, 0, 0, 9, 0, 0, 0, 0, 0, 3, 12
"e:\dungeon-of-aurora-front\src\connection\userService.ts", "TypeScript", 0, 0, 0, 0, 17, 0, 0, 0, 0, 0, 5, 22
"e:\dungeon-of-aurora-front\src\constants\attributes.ts", "TypeScript", 0, 0, 0, 0, 12, 0, 0, 0, 0, 0, 3, 15
"e:\dungeon-of-aurora-front\src\constants\defaults.ts", "TypeScript", 0, 0, 0, 0, 70, 0, 0, 0, 0, 0, 5, 75
"e:\dungeon-of-aurora-front\src\constants\equipment.ts", "TypeScript", 0, 0, 0, 0, 58, 0, 0, 0, 0, 0, 4, 62
"e:\dungeon-of-aurora-front\src\constants\index.ts", "TypeScript", 0, 0, 0, 0, 5, 0, 0, 0, 0, 0, 2, 7
"e:\dungeon-of-aurora-front\src\constants\skills.ts", "TypeScript", 0, 0, 0, 0, 21, 0, 0, 0, 0, 0, 2, 23
"e:\dungeon-of-aurora-front\src\constants\spell.ts", "TypeScript", 0, 0, 0, 0, 78, 0, 0, 0, 0, 0, 7, 85
"e:\dungeon-of-aurora-front\src\contexts\actions.ts", "TypeScript", 0, 0, 0, 0, 11, 0, 0, 0, 0, 0, 5, 16
"e:\dungeon-of-aurora-front\src\contexts\index.ts", "TypeScript", 0, 0, 0, 0, 1, 0, 0, 0, 0, 0, 1, 2
"e:\dungeon-of-aurora-front\src\hooks\index.ts", "TypeScript", 0, 0, 0, 0, 1, 0, 0, 0, 0, 0, 1, 2
"e:\dungeon-of-aurora-front\src\hooks\useCharacter.ts", "TypeScript", 0, 0, 0, 0, 15, 0, 0, 0, 0, 0, 2, 17
"e:\dungeon-of-aurora-front\src\hooks\useDebounce.ts", "TypeScript", 0, 0, 0, 0, 17, 0, 0, 0, 0, 1, 5, 23
"e:\dungeon-of-aurora-front\src\index.tsx", "TypeScript JSX", 0, 0, 0, 0, 0, 0, 30, 0, 0, 1, 6, 37
"e:\dungeon-of-aurora-front\src\interfaces\anotation.ts", "TypeScript", 0, 0, 0, 0, 8, 0, 0, 0, 0, 0, 2, 10
"e:\dungeon-of-aurora-front\src\interfaces\auth.ts", "TypeScript", 0, 0, 0, 0, 4, 0, 0, 0, 0, 0, 2, 6
"e:\dungeon-of-aurora-front\src\interfaces\character.ts", "TypeScript", 0, 0, 0, 0, 7, 0, 0, 0, 0, 0, 1, 8
"e:\dungeon-of-aurora-front\src\interfaces\feature.ts", "TypeScript", 0, 0, 0, 0, 15, 0, 0, 0, 0, 0, 3, 18
"e:\dungeon-of-aurora-front\src\interfaces\index.ts", "TypeScript", 0, 0, 0, 0, 5, 0, 0, 0, 0, 0, 2, 7
"e:\dungeon-of-aurora-front\src\interfaces\user.ts", "TypeScript", 0, 0, 0, 0, 6, 0, 0, 0, 0, 0, 2, 8
"e:\dungeon-of-aurora-front\src\providers\ActionProvider.tsx", "TypeScript JSX", 0, 0, 0, 0, 0, 0, 34, 0, 0, 0, 4, 38
"e:\dungeon-of-aurora-front\src\providers\AppProvider.tsx", "TypeScript JSX", 0, 0, 0, 0, 0, 0, 5, 0, 0, 0, 2, 7
"e:\dungeon-of-aurora-front\src\providers\index.ts", "TypeScript", 0, 0, 0, 0, 3, 0, 0, 0, 0, 0, 1, 4
"e:\dungeon-of-aurora-front\src\providers\toaster.ts", "TypeScript", 0, 0, 0, 0, 44, 0, 0, 0, 0, 0, 7, 51
"e:\dungeon-of-aurora-front\src\routes\index.tsx", "TypeScript JSX", 0, 0, 0, 0, 0, 0, 25, 0, 0, 0, 2, 27
"e:\dungeon-of-aurora-front\src\styles\app.styles.ts", "TypeScript", 0, 0, 0, 0, 10, 0, 0, 0, 0, 0, 2, 12
"e:\dungeon-of-aurora-front\src\styles\darkTheme.ts", "TypeScript", 0, 0, 0, 0, 60, 0, 0, 0, 0, 4, 8, 72
"e:\dungeon-of-aurora-front\src\styles\global.styles.ts", "TypeScript", 0, 0, 0, 0, 210, 0, 0, 0, 0, 9, 47, 266
"e:\dungeon-of-aurora-front\src\styles\toast.styes.ts", "TypeScript", 0, 0, 0, 0, 14, 0, 0, 0, 0, 0, 2, 16
"e:\dungeon-of-aurora-front\src\types\anotation.ts", "TypeScript", 0, 0, 0, 0, 6, 0, 0, 0, 0, 0, 1, 7
"e:\dungeon-of-aurora-front\src\types\character.ts", "TypeScript", 0, 0, 0, 0, 77, 0, 0, 0, 0, 0, 10, 87
"e:\dungeon-of-aurora-front\src\types\class.ts", "TypeScript", 0, 0, 0, 0, 22, 0, 0, 0, 0, 0, 3, 25
"e:\dungeon-of-aurora-front\src\types\components.ts", "TypeScript", 0, 0, 0, 0, 7, 0, 0, 0, 0, 0, 2, 9
"e:\dungeon-of-aurora-front\src\types\database.ts", "TypeScript", 0, 0, 0, 0, 15, 0, 0, 0, 0, 0, 3, 18
"e:\dungeon-of-aurora-front\src\types\enviroment.ts", "TypeScript", 0, 0, 0, 0, 4, 0, 0, 0, 0, 0, 1, 5
"e:\dungeon-of-aurora-front\src\types\equipment.ts", "TypeScript", 0, 0, 0, 0, 79, 0, 0, 0, 0, 0, 10, 89
"e:\dungeon-of-aurora-front\src\types\feature.ts", "TypeScript", 0, 0, 0, 0, 9, 0, 0, 0, 0, 0, 1, 10
"e:\dungeon-of-aurora-front\src\types\fetcher.ts", "TypeScript", 0, 0, 0, 0, 15, 0, 0, 0, 0, 0, 1, 16
"e:\dungeon-of-aurora-front\src\types\index.ts", "TypeScript", 0, 0, 0, 0, 12, 0, 0, 0, 0, 0, 2, 14
"e:\dungeon-of-aurora-front\src\types\login.ts", "TypeScript", 0, 0, 0, 0, 49, 0, 0, 0, 0, 0, 7, 56
"e:\dungeon-of-aurora-front\src\types\spell.ts", "TypeScript", 0, 0, 0, 0, 33, 0, 0, 0, 0, 0, 5, 38
"e:\dungeon-of-aurora-front\src\types\themes.ts", "TypeScript", 0, 0, 0, 0, 48, 0, 0, 0, 0, 0, 1, 49
"e:\dungeon-of-aurora-front\src\utils\ProtectedRoute.tsx", "TypeScript JSX", 0, 0, 0, 0, 0, 0, 13, 0, 0, 0, 5, 18
"e:\dungeon-of-aurora-front\src\utils\calculations.ts", "TypeScript", 0, 0, 0, 0, 53, 0, 0, 0, 0, 0, 12, 65
"e:\dungeon-of-aurora-front\src\utils\dices.ts", "TypeScript", 0, 0, 0, 0, 30, 0, 0, 0, 0, 0, 7, 37
"e:\dungeon-of-aurora-front\src\utils\equipment.ts", "TypeScript", 0, 0, 0, 0, 33, 0, 0, 0, 0, 0, 8, 41
"e:\dungeon-of-aurora-front\src\utils\filters.ts", "TypeScript", 0, 0, 0, 0, 61, 0, 0, 0, 0, 0, 13, 74
"e:\dungeon-of-aurora-front\src\utils\index.ts", "TypeScript", 0, 0, 0, 0, 6, 0, 0, 0, 0, 0, 2, 8
"e:\dungeon-of-aurora-front\src\utils\jwtParser.ts", "TypeScript", 0, 0, 0, 0, 14, 0, 0, 0, 0, 0, 1, 15
"e:\dungeon-of-aurora-front\src\utils\spell.ts", "TypeScript", 0, 0, 0, 0, 10, 0, 0, 0, 0, 0, 3, 13
"e:\dungeon-of-aurora-front\src\vite-env.d.ts", "TypeScript", 0, 0, 0, 0, 2, 0, 0, 0, 0, 2, 1, 5
"e:\dungeon-of-aurora-front\tsconfig.json", "JSON with Comments", 0, 0, 0, 0, 0, 25, 0, 0, 0, 1, 1, 27
"e:\dungeon-of-aurora-front\tsconfig.node.json", "JSON", 0, 10, 0, 0, 0, 0, 0, 0, 0, 0, 1, 11
"e:\dungeon-of-aurora-front\vite.config.ts", "TypeScript", 0, 0, 0, 0, 64, 0, 0, 0, 0, 0, 3, 67
"Total", "-", 43, 84, 318, 54, 3996, 25, 4165, 186, 6366, 30, 2447, 17714